boundary,filmfest_offset,TR_offset,consensus_offset
False,999,666,0
False,1000,667,1
False,1001,667,2
False,1002,668,3
False,1003,669,4
False,1004,669,5
True,1005,670,6
False,1006,671,7
False,1007,671,8
False,1008,672,9
False,1009,673,10
False,1010,673,11
False,1011,674,12
False,1012,675,13
False,1013,675,14
False,1014,676,15
False,1015,677,16
False,1016,677,17
False,1017,678,18
False,1018,679,19
False,1019,679,20
False,1020,680,21
False,1021,681,22
False,1022,681,23
False,1023,682,24
True,1024,683,25
False,1025,683,26
False,1026,684,27
False,1027,685,28
False,1028,685,29
False,1029,686,30
False,1030,687,31
False,1031,687,32
False,1032,688,33
False,1033,689,34
False,1034,689,35
False,1035,690,36
False,1036,691,37
False,1037,691,38
False,1038,692,39
False,1039,693,40
False,1040,693,41
False,1041,694,42
False,1042,695,43
False,1043,695,44
False,1044,696,45
True,1045,697,46
False,1046,697,47
False,1047,698,48
False,1048,699,49
False,1049,699,50
False,1050,700,51
False,1051,701,52
False,1052,701,53
False,1053,702,54
False,1054,703,55
False,1055,703,56
False,1056,704,57
False,1057,705,58
False,1058,705,59
True,1059,706,60
False,1060,707,61
False,1061,707,62
False,1062,708,63
False,1063,709,64
False,1064,709,65
False,1065,710,66
False,1066,711,67
False,1067,711,68
False,1068,712,69
False,1069,713,70
False,1070,713,71
False,1071,714,72
False,1072,715,73
False,1073,715,74
False,1074,716,75
False,1075,717,76
False,1076,717,77
False,1077,718,78
False,1078,719,79
False,1079,719,80
False,1080,720,81
False,1081,721,82
False,1082,721,83
False,1083,722,84
False,1084,723,85
False,1085,723,86
False,1086,724,87
False,1087,725,88
False,1088,725,89
False,1089,726,90
False,1090,727,91
False,1091,727,92
True,1092,728,93
False,1093,729,94
False,1094,729,95
False,1095,730,96
False,1096,731,97
False,1097,731,98
True,1098,732,99
False,1099,733,100
False,1100,733,101
False,1101,734,102
False,1102,735,103
False,1103,735,104
False,1104,736,105
False,1105,737,106
False,1106,737,107
False,1107,738,108
False,1108,739,109
False,1109,739,110
False,1110,740,111
False,1111,741,112
False,1112,741,113
True,1113,742,114
False,1114,743,115
False,1115,743,116
False,1116,744,117
False,1117,745,118
False,1118,745,119
False,1119,746,120
False,1120,747,121
False,1121,747,122
False,1122,748,123
False,1123,749,124
False,1124,749,125
False,1125,750,126
False,1126,751,127
False,1127,751,128
False,1128,752,129
False,1129,753,130
False,1130,753,131
False,1131,754,132
False,1132,755,133
False,1133,755,134
False,1134,756,135
False,1135,757,136
False,1136,757,137
False,1137,758,138
